Idea_Name,Category,Problem_Solved,Solution,Tools,Complexity,ROI_Level,Price_INR,Pitch
"Abandoned Cart SMS Recovery","Retention","Lost revenue from abandoned checkouts","Triggers automated SMS via Twilio when a cart is left.","Shopify, Twilio, n8n","Medium","High","85000","Recover 15% of lost sales with instant mobile nudges."
"Post-Purchase Review Request","Social Proof","Low review count and trust","Sends automated review requests 7 days after delivery.","Shopify, Klaviyo, Loox","Low","High","45000","Build trust and social proof automatically with every sale."
"VIP Tier Tagging","Loyalty","High-value customers feel unappreciated","Tags customers as VIP when spend exceeds threshold.","Shopify, Klaviyo, Airtable","Low","Medium","55000","Identify and reward your top 1% to increase LTV."
"Low Stock Slack Alerts","Operations","Stockouts causing missed sales","Notifies team when inventory falls below 10 units.","Shopify, Slack, n8n","Low","Medium","35000","Never miss a sale due to out-of-stock products again."
"Multi-Channel Inventory Sync","Operations","Inventory mismatch across platforms","Syncs stock levels between Shopify and Google Sheets.","Shopify, Google Sheets, n8n","Medium","High","65000","Sell everywhere with real-time inventory accuracy."
"Fraudulent Order Detection","Security","Chargebacks and financial loss","Scans orders for high-risk flags and alerts owner.","Shopify, SMS, OpenAI","Medium","Very High","95000","Protect your margins by stopping fraud before it ships."
"New Product Social Auto-Post","Marketing","Manual labor for social media updates","Posts new products to Instagram/TikTok automatically.","Shopify, Buffer, Instagram","Medium","Medium","45000","Save hours of marketing labor with automated product launches."
"Birthday Discount Flow","Personalization","Generic marketing feels impersonal","Sends unique birthday coupons 7 days before.","Shopify, Klaviyo, Gmail","Medium","High","60000","Drive repeat purchases with personalized birthday gifts."
"Customer Win-Back Sequence","Retention","Inactive customers churning","Triggers 'We Miss You' emails after 90 days.","Shopify, Klaviyo, n8n","Medium","High","75000","Reactivate dormant customers and boost repeat purchase rate."
"Negative Review Management","Support","Brand reputation damage","Alerts support team when a <3 star review is left.","Judge.me, Zendesk, n8n","Medium","High","55000","Turn unhappy customers into fans with instant outreach."
"Influencer Gifting Automation","Marketing","Manual management of influencer orders","Automates order creation for approved influencers.","Airtable, Shopify, Gmail","High","High","125000","Scale your influencer program without the admin headache."
"Wholesale Lead Qualification","B2B","Sales team wasting time on bad leads","Filters B2B inquiries via automated form scoring.","Shopify, HubSpot, n8n","High","High","90000","Send only the best B2B leads to your sales team."
"Auto-Refund Slack Summary","Operations","Lack of visibility on product issues","Summarizes every refund and reason in Slack.","Shopify, Slack, n8n","Low","Low","25000","Identify product flaws in real-time through refund data."
"Daily Executive Sales Report","Management","Founders disconnected from daily stats","Sends daily PDF revenue report via email.","Shopify, Google Sheets, Gmail","Medium","Medium","45000","Get a pulse on your business every morning in your inbox."
"UGC Collection via WhatsApp","Marketing","Lack of fresh content for ads","Requests video reviews via WhatsApp after delivery.","Shopify, Twilio, Google Drive","High","High","110000","Generate endless ad content directly from your customers."
"Flash Sale Price Automation","Marketing","Manual errors during time-sensitive promos","Updates prices and banners at scheduled times.","Shopify, Cron, n8n","Medium","High","60000","Run stress-free flash sales with automated scheduling."
"Subscription Churn Survey","Retention","Not knowing why subscribers cancel","Triggers survey when subscription is cancelled.","Recharge, Typeform, Slack","Medium","High","70000","Understand churn reasons to improve your product offering."
"First-Purchase Surprise Gift","Loyalty","Generic unboxing experience","Adds a free gift to a customer's first-ever order.","Shopify, WMS, n8n","Medium","High","85000","Create viral unboxing moments for every new customer."
"Dynamic Cross-Sell Emails","Marketing","Low average order value (AOV)","Sends 'Complete the Look' emails based on purchase.","Shopify, Klaviyo, OpenAI","High","High","115000","Increase AOV by recommending the perfect matching items."
"Google Ads ROAS Optimizer","Marketing","Poor ad targeting and bidding","Syncs high-value purchase data back to Google Ads.","Shopify, Google Ads, n8n","High","Very High","135000","Train Google's AI to find your most profitable customers."
"Messenger Abandoned Cart","Retention","Email filters hiding recovery messages","Uses Facebook Messenger for cart recovery.","Shopify, ManyChat, n8n","Medium","High","80000","Reach customers where they are with 80%+ open rates."
"Shipping Delay Proactive Alert","Support","Customer anxiety over late packages","Emails customer if package is stuck for 48 hours.","AfterShip, Klaviyo, n8n","Medium","High","65000","Reduce 'Where is my order' tickets by 40%."
"LTV-Based Discount Codes","Retention","One-size-fits-all discounting","Generates codes based on lifetime spend.","Shopify, Klaviyo, n8n","Medium","High","75000","Reward your most loyal fans with better discounts."
"Quiz-to-Email Segmentation","Marketing","Low conversion from product quizzes","Syncs quiz results to Klaviyo for segmentation.","Octane AI, Klaviyo, n8n","Medium","High","85000","Send hyper-relevant offers based on quiz answers."
"Wholesale Price Sync","B2B","Inconsistent pricing across channels","Syncs retail price changes to wholesale lists.","Shopify, Google Sheets, n8n","Low","Medium","45000","Keep your B2B margins safe with automated price sync."
"Heavy Item Warehouse Tagging","Operations","Shipping errors for oversized goods","Tags heavy orders for special warehouse handling.","Shopify, n8n","Low","Medium","35000","Reduce shipping errors and damages with smart tagging."
"Back-in-Stock SMS Alerts","Marketing","Lost sales from out-of-stock items","Notifies customers via SMS when items return.","Shopify, Postscript, n8n","Medium","High","55000","Instantly capture demand when inventory is replenished."
"QR Code Packing Slips","Experience","Missed opportunity for repeat sales","Generates custom QR codes on every packing slip.","Shopify, PDF Generator, n8n","High","Medium","80000","Drive repeat traffic from the physical unboxing moment."
"Consumable Reorder Reminder","Retention","Customers forgetting to restock","Sends reminders based on typical usage cycle.","Shopify, Klaviyo, n8n","Medium","High","105000","Build a predictable revenue stream for consumable goods."
"Affiliate Refund Protection","Operations","Paying commissions on returned orders","Approves commission only after return window.","GoAffPro, Shopify, n8n","Medium","High","75000","Stop losing money on affiliate fraud and returns."
"AI Sentiment Support Tagging","Support","Support team overwhelmed by tickets","Uses AI to prioritize frustrated customers.","Gorgias, OpenAI, n8n","High","High","115000","Handle angry customers first to prevent bad reviews."
"Multi-Currency Accounting Sync","Operations","Manual bookkeeping for global sales","Converts and logs multi-currency sales to Xero.","Shopify, Xero, n8n","High","Medium","135000","Save days of accounting labor every single month."
"Review-to-Upsell Bridge","Marketing","Not leveraging happy customers","Triggers upsell after a 5-star review.","Judge.me, Shopify, Klaviyo","Medium","High","70000","Strike while the iron is hot with post-review offers."
"Pre-Order Status Updates","Support","Pre-order customers feeling ignored","Sends production updates for pre-order items.","Shopify, Klaviyo, n8n","Medium","Medium","55000","Keep pre-order customers happy and reduce refunds."
"Dynamic Shipping Rate Guard","Operations","Shipping costs eating into margins","Adjusts rates based on real-time 3PL quotes.","Shopify, 3PL API, n8n","High","High","175000","Protect your profit margins on every single shipment."
"Gift Card Expiry Recovery","Retention","Unused gift cards hurting store visits","Reminds customers to spend gift card balances.","Shopify, Klaviyo, n8n","Low","Medium","45000","Drive 'free' traffic back to your store with reminders."
"Store Credit Return Loop","Retention","Cash leaving the business on returns","Issues store credit instead of cash refunds.","Rise.ai, Shopify, n8n","Medium","High","85000","Keep the money in your ecosystem during returns."
"Competitor Price Watcher","Marketing","Losing sales to cheaper competitors","Alerts team when competitor prices drop.","Web Scraper, Slack, n8n","High","Medium","135000","Stay competitive with real-time market intelligence."
"AI FAQ Social Seller","Marketing","Missed sales from slow DM responses","Uses AI to answer FAQs and provide links in DMs.","Instagram, OpenAI, Shopify","High","Very High","185000","Close sales 24/7 directly in your social media DMs."
"Subscription Renewal Warning","Retention","Chargeback risk from surprise renewals","Sends SMS 3 days before renewal.","Recharge, Twilio, n8n","Medium","High","80000","Reduce chargebacks and build trust with subscribers."
"Local Delivery Optimizer","Operations","Inefficient delivery routes","Exports daily orders to route optimization tools.","Shopify, Route4Me, n8n","High","Medium","115000","Save fuel and time with optimized local deliveries."
"VAT/Tax ID Auto-Vetter","B2B","Manual labor for wholesale vetting","Verifies Tax IDs for wholesale accounts.","Shopify, Tax API, n8n","High","High","135000","Scale your B2B business without increasing headcount."
"Checkout Drop-off Heatmaps","Marketing","Unknown friction in checkout","Syncs drop-off data to heatmap tools.","Shopify, Hotjar, n8n","Medium","Medium","65000","Find and fix the friction points in your checkout."
"Influencer Sales Portal","Marketing","Influencers asking for manual updates","Creates live sales dashboards for influencers.","Shopify, Data Studio, n8n","High","High","175000","Empower your influencers with real-time performance data."
"OOS Auto-Archiver","Operations","Poor UX from out-of-stock items","Hides OOS products from the storefront.","Shopify, n8n","Low","Low","25000","Keep your storefront looking fresh and in-stock."
"VIP Video Welcome","Loyalty","Lack of personal touch for big spenders","Sends personalized video to high-value buyers.","Shopify, Bonjoro, n8n","Medium","High","115000","Make your best customers feel like celebrities."
"Fraudulent IP Firewall","Security","Repeated bot attacks on checkout","Blocks IPs with multiple failed attempts.","Shopify, Cloudflare, n8n","High","High","135000","Stop bot attacks and protect your store's performance."
"AI Product Bundle Engine","Marketing","Low AOV from single-item orders","Suggests bundles based on historical data.","Shopify, OpenAI, n8n","High","High","185000","Boost AOV with data-driven product bundling."
"Dead Stock Weekly Report","Operations","Capital tied up in non-moving items","Reports items with zero sales in 30 days.","Shopify, Gmail, n8n","Low","Medium","45000","Free up cash flow by identifying non-moving inventory."
"Custom Survey Loyalty Points","Loyalty","Low survey participation","Adds loyalty points for survey completion.","Typeform, Smile.io, n8n","Medium","Medium","80000","Get better customer data by rewarding participation."
